{"cameraMode":{"drawMode":0,"name":"Shaded","section":"Shading Mode"},"sceneLighting":true,"audioPlay":false,"sceneViewState":{"m_AlwaysRefresh":false,"showFog":true,"showSkybox":false,"showFlares":true,"showImageEffects":true,"showParticleSystems":true,"showVisualEffectGraphs":true,"m_FxEnabled":true},"in2DMode":false,"pivot":{"x":100.63397979736328,"y":1.6583518981933594,"z":38.92871856689453},"rotation":{"x":0.06375686824321747,"y":0.9362037777900696,"z":-0.2398596853017807,"w":0.24885039031505586},"size":106.58687591552735,"orthographic":false}